date,precipitation
2014-01-01,0.0
2014-01-02,0.0
2014-01-03,0.10884027521290243
2014-01-04,0.0
2014-01-05,0.0
2014-01-06,4.464908411112454
2014-01-12,2.1178350598562456
2014-01-28,2.120082788520184
2014-02-35,3.2409386379737204
2014-02-36,4.400487266538516
2014-02-46,0.2006902566529124
2014-02-47,4.045524520766794
2014-02-55,6.526789832224076
2014-02-59,0.23980317562713804
2014-03-64,1.2830906717691801
2014-03-69,4.2833096465843274
2014-03-73,3.3613291725422054
2014-03-79,21.066501791219174
2014-03-85,0.05210662235781413
2014-03-87,0.2680485770472823
2014-04-98,7.812806001743293
2014-04-99,7.547821603354144
2014-04-106,0.46091614635327444
2014-04-107,6.949159206132693
2014-04-109,0.980622548811551
2014-04-110,1.3568994166226094
2014-04-115,5.881962699154608
2014-04-116,2.066917896396411
2014-04-117,8.16529952290187
2014-04-119,4.082649761450935
