date,LST_C
2014-01-01,15.421477047311162
2014-01-09,15.829576402230494
2014-01-17,17.928768020867565
2014-01-25,18.732962450994204
2014-02-02,19.027876075785283
2014-02-10,18.61581908064294
2014-02-18,19.5706178248442
2014-02-26,22.419238398700454
2014-03-06,22.504644502756836
2014-03-14,24.7282984240039
2014-03-22,24.370966215266424
2014-03-30,27.59986012839139
2014-04-07,27.408896256033014
2014-04-15,29.881781625353483
2014-04-23,29.13827327679115
2014-05-01,27.731189139690365
2014-05-09,25.724962079387502
2014-05-17,27.185096023201307
2014-05-25,26.939722393784802
2014-06-02,27.588433228180836
2014-06-10,26.72698086572086
2014-06-18,24.829094973285386
2014-06-26,26.4278514180348
2014-07-04,25.018727260054405
2014-07-12,27.773149190710786
2014-07-20,25.673163007660413
2014-07-28,26.64240451049409
2014-08-05,27.348072100404455
2014-08-13,24.74435062909434
2014-08-29,26.898465416732293
