date,NDVI,EVI
2014-01-11,0.6721893838149948,0.3338243055587242
2014-01-27,0.6956829612682658,0.318603199239215
2014-02-12,0.5725543225898325,0.2918753398825324
2014-02-28,0.6101385826746878,0.3297000745174495
2014-03-16,0.5693150088231566,0.2738417243402098
2014-04-01,0.5327229722041399,0.27078664413960807
2014-04-17,0.5642424320759539,0.2952058016414812
2014-06-04,0.7670276915096382,0.5645926851638573
2014-08-07,0.8044482745340754,0.679761966768132
2014-09-08,0.8703445269924318,0.6631837157334632
2014-09-24,0.856191782476905,0.6207376469983867
2014-10-10,0.8201299899079862,0.5242560636667515
2014-11-27,0.7871976076892019,0.4262873952777242
2014-12-13,0.7823921772176112,0.3779578498859755
2014-12-29,0.7355438063626333,0.34890561991390384
2015-01-14,0.7287995796217498,0.3489396060340962
2015-01-30,0.6914094865751302,0.34028489050810784
2015-02-15,0.6491933915165594,0.3149599307682065
2015-03-19,0.585466856779188,0.30489813449482145
2015-04-04,0.5587183684708281,0.2991144528216048
2015-04-20,0.6375861775318479,0.3722383008402635
2015-05-06,0.7195216692453995,0.43448252340801996
2015-07-25,0.7906479889389112,0.6737832832674634
2015-08-26,0.8204955430588977,0.653960828373517
2015-09-11,0.7891864486642994,0.5705007907497094
2015-09-27,0.839791693603231,0.5993142518167929
2015-10-13,0.8459611426596971,0.6042846011359068
2015-10-29,0.7646080527464392,0.4844838465450931
2015-11-14,0.8252898981030402,0.4655640334612087
2015-11-30,0.7999438838194272,0.4198286759021109
2015-12-16,0.7649906974363152,0.3803484592378839
