date,Solar_Radiation_MJ
2014-01-01,15.706516176487328
2014-01-02,13.812751042413888
2014-01-03,12.929725737546255
2014-01-04,15.616154761172785
2014-01-05,15.640325242243096
2014-01-06,13.87863021804725
2014-01-07,11.849293496157129
2014-01-08,13.720064672929118
2014-01-09,15.854293329917448
2014-01-10,16.048585500711642
2014-01-11,14.79085929405067
2014-01-12,11.655588800455456
2014-01-13,16.01390012752633
2014-01-14,16.087269417591806
2014-01-15,14.553329746655281
2014-01-16,14.050873910617705
2014-01-17,15.356482140620548
2014-01-18,16.603758506120126
2014-01-19,12.526743956732139
2014-01-20,14.544594980927979
