date,temp_C,humidity
2014-01-01,12.58005715,79.22861302
2014-01-02,12.46615485,80.39551976
2014-01-03,11.62451656,82.80334792
2014-01-04,11.97542951,80.38877647
2014-01-05,12.26464793,78.70300811
2014-01-06,12.28990955,78.51112146
2014-01-07,11.36766719,82.79462535
2014-01-08,11.12178532,80.5952983
2014-01-09,11.42237766,78.19655484
2014-01-10,12.21258877,76.23825801
2014-01-11,13.24520063,79.72083498
2014-01-12,12.03033029,86.18120994
2014-01-13,12.25030662,79.05693831
2014-01-14,13.058565,77.23159731
2014-01-15,13.37625753,78.74884509
2014-01-16,12.99045226,80.60398111
2014-01-17,13.16202315,79.10901046
2014-01-18,14.2617933,76.44545233
2014-01-19,13.78685173,81.86138473
2014-01-20,12.85409915,80.77951369
