"Survey","Date","Location","Investigator","Q#","Size","MeasDate","Observer","Species","Stage","Status","Phenology","Abundance","Stems","DBH","DBH_MeasHt","GBH","Height","CrownClass","CrownDiam","Distance","Azimuth","Health","Bark","DecayClass","GPS","Cover%","Stratum"
"Demo survey (synthetic)","2025-03-14","Fictional hill forest","TerraX sample","1","400","2025-03-14","","Macaranga denticulata","tree","live","","1","1","32.8","1.3","0","24.4","","0","0","0","","","0","","0",""
"Demo survey (synthetic)","2025-03-14","Fictional hill forest","TerraX sample","1","400","2025-03-14","","Quercus serrata","tree","live","","1","1","7.2","1.3","0","8.3","","0","0","0","","","0","","0",""
"Demo survey (synthetic)","2025-03-14","Fictional hill forest","TerraX sample","1","400","2025-03-14","","Macaranga denticulata","tree","live","","1","1","19.6","1.3","0","15.1","","0","0","0","","","0","","0",""
"Demo survey (synthetic)","2025-03-14","Fictional hill forest","TerraX sample","1","400","2025-03-14","","Engelhardia spicata","tree","live","","1","1","7.2","1.3","0","0","","0","0","0","","","0","","0",""
"Demo survey (synthetic)","2025-03-14","Fictional hill forest","TerraX sample","1","400","2025-03-14","","Engelhardia spicata","tree","dead-standing","","1","1","10.3","1.3","0","12.3","","0","0","0","","","0","","0",""
"Demo survey (synthetic)","2025-03-14","Fictional hill forest","TerraX sample","1","400","2025-03-14","","Quercus serrata","tree","live","","1","1","0","1.3","70.4","18","","0","0","0","","","0","","0",""
"Demo survey (synthetic)","2025-03-14","Fictional hill forest","TerraX sample","1","400","2025-03-14","","Alnus nepalensis","tree","live","","1","1","0","1.3","107.1","25.3","","0","0","0","","","0","","0",""
"Demo survey (synthetic)","2025-03-14","Fictional hill forest","TerraX sample","1","400","2025-03-14","","Castanopsis indica","tree","live","","1","1","14.1","1.3","0","14.5","","0","0","0","","","0","","0",""
"Demo survey (synthetic)","2025-03-14","Fictional hill forest","TerraX sample","1","400","2025-03-14","","Macaranga denticulata","tree","live","","1","1","7.8","1.3","0","8.8","","0","0","0","","","0","","0",""
"Demo survey (synthetic)","2025-03-14","Fictional hill forest","TerraX sample","1","400","2025-03-14","","Quercus serrata","tree","live","","1","1","16.9","1.3","0","17.7","","0","0","0","","","0","","0",""
"Demo survey (synthetic)","2025-03-14","Fictional hill forest","TerraX sample","1","400","2025-03-14","","Schima wallichii","tree","live","","1","1","7.7","1.3","0","0","","0","0","0","","","0","","0",""
"Demo survey (synthetic)","2025-03-14","Fictional hill forest","TerraX sample","1","400","2025-03-14","","Engelhardia spicata","tree","dead-standing","","1","1","14.1","1.3","0","14.5","","0","0","0","","","0","","0",""
"Demo survey (synthetic)","2025-03-14","Fictional hill forest","TerraX sample","1","400","2025-03-14","","Alnus nepalensis","tree","live","","1","1","11.4","1.3","0","11.4","","0","0","0","","","0","","0",""
"Demo survey (synthetic)","2025-03-14","Fictional hill forest","TerraX sample","1","400","2025-03-14","","Castanopsis indica","tree","live","","1","1","42.5","1.3","0","25","","0","0","0","","","0","","0",""
"Demo survey (synthetic)","2025-03-14","Fictional hill forest","TerraX sample","1","400","2025-03-14","","Castanopsis indica","tree","live","","1","1","7.8","1.3","0","9.3","","0","0","0","","","0","","0",""
"Demo survey (synthetic)","2025-03-14","Fictional hill forest","TerraX sample","1","400","2025-03-14","","Seedlings (mixed)","seedling","live","","12","1","0","1.3","0","0.4","","0","0","0","","","0","","0",""
"Demo survey (synthetic)","2025-03-14","Fictional hill forest","TerraX sample","2","400","2025-03-14","","Engelhardia spicata","tree","live","","1","1","0","1.3","29.5","9.9","","0","0","0","","","0","","0",""
"Demo survey (synthetic)","2025-03-14","Fictional hill forest","TerraX sample","2","400","2025-03-14","","Engelhardia spicata","tree","live","","1","1","6.7","1.3","0","8.6","","0","0","0","","","0","","0",""
"Demo survey (synthetic)","2025-03-14","Fictional hill forest","TerraX sample","2","400","2025-03-14","","Schima wallichii","tree","live","","1","1","47.5","1.3","0","26.6","","0","0","0","","","0","","0",""
"Demo survey (synthetic)","2025-03-14","Fictional hill forest","TerraX sample","2","400","2025-03-14","","Quercus serrata","tree","live","","1","1","6","1.3","0","0","","0","0","0","","","0","","0",""
"Demo survey (synthetic)","2025-03-14","Fictional hill forest","TerraX sample","2","400","2025-03-14","","Schima wallichii","tree","live","","1","1","6.3","1.3","0","8.5","","0","0","0","","","0","","0",""
"Demo survey (synthetic)","2025-03-14","Fictional hill forest","TerraX sample","2","400","2025-03-14","","Alnus nepalensis","tree","live","","1","1","0","1.3","96.1","21.4","","0","0","0","","","0","","0",""
"Demo survey (synthetic)","2025-03-14","Fictional hill forest","TerraX sample","2","400","2025-03-14","","Castanopsis indica","tree","live","","1","1","0","1.3","138.5","26.6","","0","0","0","","","0","","0",""
"Demo survey (synthetic)","2025-03-14","Fictional hill forest","TerraX sample","2","400","2025-03-14","","Macaranga denticulata","tree","live","","1","1","6.9","1.3","0","8.6","","0","0","0","","","0","","0",""
"Demo survey (synthetic)","2025-03-14","Fictional hill forest","TerraX sample","2","400","2025-03-14","","Quercus serrata","tree","live","","1","1","28.7","1.3","0","19.7","","0","0","0","","","0","","0",""
"Demo survey (synthetic)","2025-03-14","Fictional hill forest","TerraX sample","2","400","2025-03-14","","Alnus nepalensis","tree","live","","1","1","6","1.3","0","6.3","","0","0","0","","","0","","0",""
"Demo survey (synthetic)","2025-03-14","Fictional hill forest","TerraX sample","2","400","2025-03-14","","Alnus nepalensis","tree","live","","1","1","6.9","1.3","0","0","","0","0","0","","","0","","0",""
"Demo survey (synthetic)","2025-03-14","Fictional hill forest","TerraX sample","2","400","2025-03-14","","Quercus serrata","tree","live","","1","1","9.8","1.3","0","9.4","","0","0","0","","","0","","0",""
"Demo survey (synthetic)","2025-03-14","Fictional hill forest","TerraX sample","2","400","2025-03-14","","Castanopsis indica","tree","live","","1","1","8.6","1.3","0","10.4","","0","0","0","","","0","","0",""
"Demo survey (synthetic)","2025-03-14","Fictional hill forest","TerraX sample","2","400","2025-03-14","","Seedlings (mixed)","seedling","live","","12","1","0","1.3","0","0.4","","0","0","0","","","0","","0",""
"Demo survey (synthetic)","2025-03-14","Fictional hill forest","TerraX sample","3","400","2025-03-14","","Quercus serrata","tree","live","","1","1","0","1.3","50.9","14","","0","0","0","","","0","","0",""
"Demo survey (synthetic)","2025-03-14","Fictional hill forest","TerraX sample","3","400","2025-03-14","","Quercus serrata","tree","live","","1","1","10.7","1.3","0","10.2","","0","0","0","","","0","","0",""
"Demo survey (synthetic)","2025-03-14","Fictional hill forest","TerraX sample","3","400","2025-03-14","","Castanopsis indica","tree","live","","1","1","17.9","1.3","0","14.8","","0","0","0","","","0","","0",""
"Demo survey (synthetic)","2025-03-14","Fictional hill forest","TerraX sample","3","400","2025-03-14","","Quercus serrata","tree","live","","1","1","10","1.3","0","0","","0","0","0","","","0","","0",""
"Demo survey (synthetic)","2025-03-14","Fictional hill forest","TerraX sample","3","400","2025-03-14","","Macaranga denticulata","tree","dead-standing","","1","1","0","1.3","86.7","24.1","","0","0","0","","","0","","0",""
"Demo survey (synthetic)","2025-03-14","Fictional hill forest","TerraX sample","3","400","2025-03-14","","Quercus serrata","tree","live","","1","1","37.4","1.3","0","25.8","","0","0","0","","","0","","0",""
"Demo survey (synthetic)","2025-03-14","Fictional hill forest","TerraX sample","3","400","2025-03-14","","Engelhardia spicata","tree","live","","1","1","18.3","1.3","0","15.5","","0","0","0","","","0","","0",""
"Demo survey (synthetic)","2025-03-14","Fictional hill forest","TerraX sample","3","400","2025-03-14","","Quercus serrata","tree","dead-standing","","1","1","0","1.3","180.3","24.9","","0","0","0","","","0","","0",""
"Demo survey (synthetic)","2025-03-14","Fictional hill forest","TerraX sample","3","400","2025-03-14","","Castanopsis indica","tree","live","","1","1","42.2","1.3","0","27.5","","0","0","0","","","0","","0",""
"Demo survey (synthetic)","2025-03-14","Fictional hill forest","TerraX sample","3","400","2025-03-14","","Schima wallichii","tree","live","","1","1","9.9","1.3","0","11.4","","0","0","0","","","0","","0",""
"Demo survey (synthetic)","2025-03-14","Fictional hill forest","TerraX sample","3","400","2025-03-14","","Castanopsis indica","tree","live","","1","1","7.3","1.3","0","0","","0","0","0","","","0","","0",""
"Demo survey (synthetic)","2025-03-14","Fictional hill forest","TerraX sample","3","400","2025-03-14","","Macaranga denticulata","tree","live","","1","1","28","1.3","0","21.5","","0","0","0","","","0","","0",""
"Demo survey (synthetic)","2025-03-14","Fictional hill forest","TerraX sample","3","400","2025-03-14","","Schima wallichii","tree","live","","1","1","32.2","1.3","0","22.1","","0","0","0","","","0","","0",""
"Demo survey (synthetic)","2025-03-14","Fictional hill forest","TerraX sample","3","400","2025-03-14","","Schima wallichii","tree","dead-standing","","1","1","34.1","1.3","0","20.4","","0","0","0","","","0","","0",""
"Demo survey (synthetic)","2025-03-14","Fictional hill forest","TerraX sample","3","400","2025-03-14","","Engelhardia spicata","tree","live","","1","1","72.8","1.3","0","31.8","","0","0","0","","","0","","0",""
"Demo survey (synthetic)","2025-03-14","Fictional hill forest","TerraX sample","3","400","2025-03-14","","Seedlings (mixed)","seedling","live","","12","1","0","1.3","0","0.4","","0","0","0","","","0","","0",""
"Demo survey (synthetic)","2025-03-14","Fictional hill forest","TerraX sample","4","400","2025-03-14","","Alnus nepalensis","tree","live","","1","1","0","1.3","159.3","29","","0","0","0","","","0","","0",""
"Demo survey (synthetic)","2025-03-14","Fictional hill forest","TerraX sample","4","400","2025-03-14","","Engelhardia spicata","tree","live","","1","1","0","1.3","166.2","30.4","","0","0","0","","","0","","0",""
"Demo survey (synthetic)","2025-03-14","Fictional hill forest","TerraX sample","4","400","2025-03-14","","Macaranga denticulata","tree","live","","1","1","9.4","1.3","0","11.3","","0","0","0","","","0","","0",""
"Demo survey (synthetic)","2025-03-14","Fictional hill forest","TerraX sample","4","400","2025-03-14","","Castanopsis indica","tree","live","","1","1","71.4","1.3","0","0","","0","0","0","","","0","","0",""
"Demo survey (synthetic)","2025-03-14","Fictional hill forest","TerraX sample","4","400","2025-03-14","","Schima wallichii","tree","live","","1","1","33.1","1.3","0","23.9","","0","0","0","","","0","","0",""
"Demo survey (synthetic)","2025-03-14","Fictional hill forest","TerraX sample","4","400","2025-03-14","","Alnus nepalensis","tree","live","","1","1","7.6","1.3","0","8.2","","0","0","0","","","0","","0",""
"Demo survey (synthetic)","2025-03-14","Fictional hill forest","TerraX sample","4","400","2025-03-14","","Alnus nepalensis","tree","live","","1","1","60.1","1.3","0","27.5","","0","0","0","","","0","","0",""
"Demo survey (synthetic)","2025-03-14","Fictional hill forest","TerraX sample","4","400","2025-03-14","","Engelhardia spicata","tree","live","","1","1","36.6","1.3","0","25.6","","0","0","0","","","0","","0",""
"Demo survey (synthetic)","2025-03-14","Fictional hill forest","TerraX sample","4","400","2025-03-14","","Quercus serrata","tree","live","","1","1","66.5","1.3","0","33.9","","0","0","0","","","0","","0",""
"Demo survey (synthetic)","2025-03-14","Fictional hill forest","TerraX sample","4","400","2025-03-14","","Macaranga denticulata","tree","live","","1","1","22.3","1.3","0","16.6","","0","0","0","","","0","","0",""
"Demo survey (synthetic)","2025-03-14","Fictional hill forest","TerraX sample","4","400","2025-03-14","","Macaranga denticulata","tree","dead-standing","","1","1","10.6","1.3","0","0","","0","0","0","","","0","","0",""
"Demo survey (synthetic)","2025-03-14","Fictional hill forest","TerraX sample","4","400","2025-03-14","","Castanopsis indica","tree","live","","1","1","7.4","1.3","0","8.9","","0","0","0","","","0","","0",""
"Demo survey (synthetic)","2025-03-14","Fictional hill forest","TerraX sample","4","400","2025-03-14","","Seedlings (mixed)","seedling","live","","12","1","0","1.3","0","0.4","","0","0","0","","","0","","0",""
"Demo survey (synthetic)","2025-03-14","Fictional hill forest","TerraX sample","5","400","2025-03-14","","Macaranga denticulata","tree","live","","1","1","36.6","1.3","0","27.2","","0","0","0","","","0","","0",""
"Demo survey (synthetic)","2025-03-14","Fictional hill forest","TerraX sample","5","400","2025-03-14","","Alnus nepalensis","tree","dead-standing","","1","1","6.2","1.3","0","8","","0","0","0","","","0","","0",""
"Demo survey (synthetic)","2025-03-14","Fictional hill forest","TerraX sample","5","400","2025-03-14","","Quercus serrata","tree","live","","1","1","38.5","1.3","0","24.1","","0","0","0","","","0","","0",""
"Demo survey (synthetic)","2025-03-14","Fictional hill forest","TerraX sample","5","400","2025-03-14","","Engelhardia spicata","tree","live","","1","1","24.1","1.3","0","0","","0","0","0","","","0","","0",""
"Demo survey (synthetic)","2025-03-14","Fictional hill forest","TerraX sample","5","400","2025-03-14","","Alnus nepalensis","tree","live","","1","1","0","1.3","59.4","18.6","","0","0","0","","","0","","0",""
"Demo survey (synthetic)","2025-03-14","Fictional hill forest","TerraX sample","5","400","2025-03-14","","Alnus nepalensis","tree","dead-standing","","1","1","6","1.3","0","6.4","","0","0","0","","","0","","0",""
"Demo survey (synthetic)","2025-03-14","Fictional hill forest","TerraX sample","5","400","2025-03-14","","Castanopsis indica","tree","live","","1","1","44.6","1.3","0","29.9","","0","0","0","","","0","","0",""
"Demo survey (synthetic)","2025-03-14","Fictional hill forest","TerraX sample","5","400","2025-03-14","","Quercus serrata","tree","live","","1","1","11","1.3","0","12.7","","0","0","0","","","0","","0",""
"Demo survey (synthetic)","2025-03-14","Fictional hill forest","TerraX sample","5","400","2025-03-14","","Castanopsis indica","tree","live","","1","1","67","1.3","0","25.8","","0","0","0","","","0","","0",""
"Demo survey (synthetic)","2025-03-14","Fictional hill forest","TerraX sample","5","400","2025-03-14","","Alnus nepalensis","tree","live","","1","1","0","1.3","51.8","14.5","","0","0","0","","","0","","0",""
"Demo survey (synthetic)","2025-03-14","Fictional hill forest","TerraX sample","5","400","2025-03-14","","Seedlings (mixed)","seedling","live","","12","1","0","1.3","0","0.4","","0","0","0","","","0","","0",""

"--- TRANSECT DATA ---"
"Survey","T#","Method","Length","Width","Bearing","Slope","MeasDate","Observer","Species","LifeForm","IntType","StartDist","EndDist","Distance","Cover%","Height","DBH","Abundance"
"Demo survey (synthetic)","1","line","50","2","90","5","2025-03-14","","Imperata cylindrica","grass","","0","3","3","40","0.8","0","1"