date,Evapotranspiration
2021-01-01,16.97735140822663
2021-01-09,14.589827727565288
2021-01-17,14.85688546091966
2021-01-25,17.27522732771533
2021-02-02,18.544741072189478
2021-02-10,17.309213150532536
2021-02-18,16.577028199863623
2021-02-26,16.87978216320426
2021-03-06,17.009490956608932
2021-03-14,16.32479820856224
2021-03-22,13.271684742999986
2021-03-30,15.117765581041816
2021-04-07,16.888395425015823
2021-04-15,18.85207012546331
2021-04-23,20.179182666311416
2021-05-01,25.7638560188704
2021-05-09,28.50156838966513
2021-05-17,29.727300814218605
2021-05-25,30.603921414969367
2021-06-02,31.64047221155586
