date,precipitation_mm,temperature_c
1990-01-15,18.0,13.40
1990-02-15,29.8,15.20
1990-03-15,106.4,19.12
1990-04-15,67.8,21.80
1990-05-15,343.8,22.98
1990-06-15,546.1,24.75
1990-07-15,525.1,24.75
1990-08-15,210.7,24.30
1990-09-15,32.2,24.10
1990-10-15,46.6,21.74
1990-11-15,46.7,17.72
1990-12-15,5.3,14.58
1991-01-15,9.3,14.16
1991-02-15,45.4,14.77
1991-03-15,12.5,19.62
1991-04-15,101.9,22.03
1991-05-15,232.6,23.81
1991-06-15,358.6,23.82
1991-07-15,447.2,25.06
1991-08-15,124.0,25.00
1991-09-15,121.6,23.69
1991-10-15,56.6,22.25
1991-11-15,54.8,18.54
1991-12-15,14.7,15.25
1992-01-15,38.8,12.76
1992-02-15,58.8,15.16
1992-03-15,139.1,19.35
1992-04-15,139.5,20.81
1992-05-15,439.4,22.95
1992-06-15,521.7,24.65
1992-07-15,705.7,25.53
1992-08-15,170.5,25.42
1992-09-15,273.6,23.74
1992-10-15,218.0,22.33
1992-11-15,35.2,17.34
1992-12-15,4.7,14.08
1993-01-15,19.1,13.97
1993-02-15,9.7,15.23
1993-03-15,23.0,19.07
1993-04-15,55.0,22.09
1993-05-15,164.7,22.72
1993-06-15,1131.1,24.43
1993-07-15,336.4,24.66
1993-08-15,104.4,24.99
1993-09-15,299.4,24.57
1993-10-15,34.7,21.35
1993-11-15,6.6,18.71
1993-12-15,14.0,14.65
1994-01-15,19.2,14.36
1994-02-15,19.8,16.29
1994-03-15,25.5,19.42
1994-04-15,81.2,21.39
1994-05-15,174.8,22.87
1994-06-15,388.9,24.81
1994-07-15,128.0,25.67
1994-08-15,90.4,24.84
1994-09-15,200.1,24.84
1994-10-15,378.3,21.73
1994-11-15,57.5,18.76
1994-12-15,12.9,15.02
1995-01-15,26.5,13.20
1995-02-15,14.9,15.83
1995-03-15,35.3,18.53
1995-04-15,54.7,21.96
1995-05-15,271.3,23.44
1995-06-15,302.5,25.34
1995-07-15,392.7,25.84
1995-08-15,256.3,24.78
1995-09-15,70.2,24.60
1995-10-15,63.4,21.43
1995-11-15,29.2,18.26
1995-12-15,7.1,14.71
1996-01-15,17.5,14.15
1996-02-15,55.3,15.17
1996-03-15,35.3,18.41
1996-04-15,144.7,21.45
1996-05-15,242.9,23.11
1996-06-15,520.9,24.58
1996-07-15,638.6,25.89
1996-08-15,588.0,24.44
1996-09-15,88.7,24.60
1996-10-15,68.9,21.05
1996-11-15,5.4,18.22
1996-12-15,19.6,14.81
1997-01-15,8.3,14.02
1997-02-15,16.6,15.03
1997-03-15,68.0,19.09
1997-04-15,157.2,22.40
1997-05-15,339.8,22.68
1997-06-15,616.3,24.21
1997-07-15,278.5,25.77
1997-08-15,362.3,24.52
1997-09-15,227.4,23.42
1997-10-15,67.4,21.76
1997-11-15,33.0,18.85
1997-12-15,6.2,14.55
1998-01-15,21.6,14.16
1998-02-15,33.4,15.18
1998-03-15,66.8,19.91
1998-04-15,146.2,21.85
1998-05-15,88.6,23.71
1998-06-15,148.3,24.45
1998-07-15,231.6,25.17
1998-08-15,103.4,24.42
1998-09-15,272.6,24.40
1998-10-15,11.8,20.93
1998-11-15,25.9,18.71
1998-12-15,3.9,15.00
1999-01-15,9.6,13.65
1999-02-15,50.3,16.28
1999-03-15,23.4,18.93
1999-04-15,40.4,22.27
1999-05-15,116.4,23.78
1999-06-15,261.3,24.03
1999-07-15,247.0,24.60
1999-08-15,524.9,25.54
1999-09-15,126.2,24.25
1999-10-15,25.3,21.81
1999-11-15,0.9,18.95
1999-12-15,12.7,14.40
2000-01-15,23.9,14.02
2000-02-15,41.6,16.33
2000-03-15,109.2,18.71
2000-04-15,60.3,21.67
2000-05-15,127.0,23.27
2000-06-15,20.1,24.58
2000-07-15,188.5,25.62
2000-08-15,72.8,25.12
2000-09-15,193.2,24.15
2000-10-15,88.7,21.14
2000-11-15,5.0,18.42
2000-12-15,25.3,14.21
2001-01-15,26.0,13.77
2001-02-15,24.9,15.53
2001-03-15,72.7,19.82
2001-04-15,235.0,22.43
2001-05-15,173.9,22.72
2001-06-15,240.8,25.33
2001-07-15,124.4,25.58
2001-08-15,6.2,25.42
2001-09-15,240.6,24.15
2001-10-15,78.3,21.80
2001-11-15,6.9,18.15
2001-12-15,10.2,14.35
2002-01-15,44.4,13.32
2002-02-15,24.2,16.40
2002-03-15,98.1,19.67
2002-04-15,50.1,22.30
2002-05-15,95.0,22.53
2002-06-15,246.5,24.68
2002-07-15,171.8,25.83
2002-08-15,15.0,25.00
2002-09-15,449.7,24.71
2002-10-15,77.8,22.43
2002-11-15,15.2,18.73
2002-12-15,10.2,15.20
2003-01-15,14.0,14.21
2003-02-15,12.9,16.37
2003-03-15,172.8,20.08
2003-04-15,111.2,21.18
2003-05-15,343.8,22.70
2003-06-15,297.7,24.08
2003-07-15,182.7,24.73
2003-08-15,508.6,25.42
2003-09-15,332.6,23.66
2003-10-15,35.2,21.83
2003-11-15,14.8,18.27
2003-12-15,9.0,14.77
2004-01-15,21.9,13.71
2004-02-15,11.0,16.46
2004-03-15,128.7,18.96
2004-04-15,213.7,21.34
2004-05-15,506.7,23.08
2004-06-15,738.3,25.43
2004-07-15,809.8,25.64
2004-08-15,161.4,25.27
2004-09-15,537.8,24.38
2004-10-15,270.2,22.25
2004-11-15,26.0,18.83
2004-12-15,3.6,15.10
2005-01-15,8.0,13.40
2005-02-15,21.4,16.27
2005-03-15,34.3,19.31
2005-04-15,60.3,21.75
2005-05-15,229.4,23.21
2005-06-15,126.8,25.55
2005-07-15,545.2,25.96
2005-08-15,115.1,26.16
2005-09-15,142.8,24.07
2005-10-15,173.2,22.22
2005-11-15,58.0,17.65
2005-12-15,27.6,15.16
2006-01-15,13.2,14.06
2006-02-15,40.2,15.64
2006-03-15,29.8,19.66
2006-04-15,53.0,22.50
2006-05-15,396.3,23.13
2006-06-15,354.2,25.26
2006-07-15,133.0,26.15
2006-08-15,361.9,25.48
2006-09-15,49.7,24.28
2006-10-15,88.3,22.40
2006-11-15,14.5,17.69
2006-12-15,18.3,14.28
2007-01-15,40.6,14.25
2007-02-15,51.0,15.77
2007-03-15,114.7,19.05
2007-04-15,42.2,22.24
2007-05-15,55.0,23.53
2007-06-15,481.9,24.70
2007-07-15,62.4,25.79
2007-08-15,576.1,25.51
2007-09-15,338.5,24.63
2007-10-15,85.4,21.99
2007-11-15,36.9,17.69
2007-12-15,26.4,14.43
2008-01-15,14.8,13.24
2008-02-15,29.9,15.85
2008-03-15,165.8,18.92
2008-04-15,113.6,22.10
2008-05-15,249.7,23.94
2008-06-15,255.4,25.38
2008-07-15,114.1,25.93
2008-08-15,32.3,25.00
2008-09-15,262.8,24.86
2008-10-15,45.1,21.36
2008-11-15,34.9,17.87
2008-12-15,14.4,15.38
2009-01-15,35.3,13.43
2009-02-15,15.8,16.49
2009-03-15,23.9,19.72
2009-04-15,256.9,22.57
2009-05-15,132.5,23.29
2009-06-15,89.6,25.00
2009-07-15,84.3,25.56
2009-08-15,343.1,25.50
2009-09-15,117.3,24.73
2009-10-15,89.6,21.68
2009-11-15,44.1,18.82
2009-12-15,17.2,14.96
2010-01-15,37.4,14.34
2010-02-15,87.4,15.56
2010-03-15,9.5,19.97
2010-04-15,103.1,21.36
2010-05-15,151.8,23.15
2010-06-15,146.2,25.17
2010-07-15,726.3,26.29
2010-08-15,630.5,24.95
2010-09-15,539.2,24.50
2010-10-15,74.4,22.33
2010-11-15,39.1,18.83
2010-12-15,7.7,14.82
2011-01-15,8.9,13.72
2011-02-15,7.9,15.50
2011-03-15,25.2,20.04
2011-04-15,217.1,22.50
2011-05-15,56.2,24.04
2011-06-15,729.5,24.96
2011-07-15,450.4,24.90
2011-08-15,262.1,24.80
2011-09-15,366.0,24.10
2011-10-15,157.1,22.65
2011-11-15,29.5,17.88
2011-12-15,16.0,14.94
2012-01-15,15.4,13.65
2012-02-15,16.7,16.40
2012-03-15,38.1,19.79
2012-04-15,81.5,22.06
2012-05-15,316.5,24.09
2012-06-15,409.7,25.45
2012-07-15,475.8,26.03
2012-08-15,348.7,25.51
2012-09-15,31.3,23.76
2012-10-15,135.2,21.53
2012-11-15,39.4,18.07
2012-12-15,6.2,14.96
2013-01-15,26.5,13.67
2013-02-15,6.1,15.47
2013-03-15,66.7,20.13
2013-04-15,118.0,21.45
2013-05-15,170.0,23.93
2013-06-15,497.2,24.92
2013-07-15,271.2,26.25
2013-08-15,49.3,25.45
2013-09-15,11.4,24.72
2013-10-15,27.6,22.71
2013-11-15,4.7,18.31
2013-12-15,13.2,15.03
2014-01-15,7.5,14.85
2014-02-15,46.3,15.74
2014-03-15,120.9,19.54
2014-04-15,14.8,22.79
2014-05-15,233.5,22.99
2014-06-15,173.8,25.38
2014-07-15,327.5,25.37
2014-08-15,86.8,25.02
2014-09-15,111.0,23.95
2014-10-15,177.7,22.82
2014-11-15,76.4,18.72
2014-12-15,25.1,14.46
2015-01-15,13.8,14.32
2015-02-15,36.6,16.62
2015-03-15,20.8,19.58
2015-04-15,101.3,22.60
2015-05-15,201.0,24.29
2015-06-15,618.3,25.49
2015-07-15,409.9,25.37
2015-08-15,319.3,26.40
2015-09-15,104.9,25.05
2015-10-15,16.3,22.82
2015-11-15,11.2,18.85
2015-12-15,4.1,14.57
2016-01-15,3.1,14.87
2016-02-15,49.3,16.26
2016-03-15,42.5,20.32
2016-04-15,103.9,22.84
2016-05-15,235.7,23.10
2016-06-15,379.7,25.66
2016-07-15,776.8,26.12
2016-08-15,155.2,25.78
2016-09-15,273.3,24.65
2016-10-15,77.3,22.05
2016-11-15,55.3,18.71
2016-12-15,7.8,15.24
2017-01-15,16.8,14.34
2017-02-15,26.8,16.33
2017-03-15,86.2,19.18
2017-04-15,259.9,21.75
2017-05-15,536.3,23.18
2017-06-15,118.6,25.44
2017-07-15,457.3,26.14
2017-08-15,190.7,26.16
2017-09-15,152.7,24.20
2017-10-15,106.6,22.20
2017-11-15,5.5,18.61
2017-12-15,7.3,15.41
2018-01-15,28.4,13.95
2018-02-15,42.8,16.74
2018-03-15,68.2,19.32
2018-04-15,167.2,21.74
2018-05-15,468.5,23.09
2018-06-15,141.8,25.42
2018-07-15,335.2,25.87
2018-08-15,478.3,24.96
2018-09-15,402.7,24.23
2018-10-15,107.8,21.98
2018-11-15,6.1,19.24
2018-12-15,10.9,14.56
2019-01-15,8.7,14.26
2019-02-15,22.3,16.85
2019-03-15,56.9,20.47
2019-04-15,60.4,22.72
2019-05-15,162.3,23.27
2019-06-15,62.8,25.14
2019-07-15,353.3,26.06
2019-08-15,523.4,25.33
2019-09-15,111.8,23.93
2019-10-15,178.6,21.76
2019-11-15,18.6,18.31
2019-12-15,13.0,14.66
2020-01-15,22.8,14.65
2020-02-15,36.2,16.65
2020-03-15,64.8,19.65
2020-04-15,97.7,22.20
2020-05-15,71.2,24.37
2020-06-15,236.7,26.04
2020-07-15,359.1,25.12
2020-08-15,616.0,25.98
2020-09-15,99.1,25.07
2020-10-15,149.9,21.73
2020-11-15,66.5,18.32
2020-12-15,7.0,14.57
2021-01-15,11.7,14.94
2021-02-15,12.3,15.64
2021-03-15,66.7,20.57
2021-04-15,7.5,22.97
2021-05-15,160.7,24.57
2021-06-15,357.2,25.07
2021-07-15,261.8,26.26
2021-08-15,555.9,26.21
2021-09-15,164.7,24.93
2021-10-15,250.7,21.91
2021-11-15,26.6,19.36
2021-12-15,33.6,14.74
2022-01-15,2.5,13.91
2022-02-15,10.9,16.36
2022-03-15,102.5,19.63
2022-04-15,119.3,21.69
2022-05-15,561.2,23.40
2022-06-15,242.2,24.66
2022-07-15,441.4,26.58
2022-08-15,128.7,25.94
2022-09-15,858.4,24.83
2022-10-15,363.4,22.86
2022-11-15,20.5,18.35
2022-12-15,2.3,14.58
2023-01-15,7.1,14.54
2023-02-15,76.1,15.86
2023-03-15,61.1,19.46
2023-04-15,229.9,22.77
2023-05-15,172.8,23.59
2023-06-15,224.8,24.99
2023-07-15,201.2,26.59
2023-08-15,365.6,26.20
2023-09-15,133.2,24.12
2023-10-15,63.6,21.62
2023-11-15,92.9,18.39
2023-12-15,6.2,15.43
2024-01-15,35.9,14.90
2024-02-15,16.7,16.52
2024-03-15,15.2,19.86
2024-04-15,194.7,21.87
2024-05-15,81.1,24.37
2024-06-15,248.5,25.21
2024-07-15,354.2,26.09
2024-08-15,50.8,25.94
2024-09-15,199.6,24.51
2024-10-15,233.2,22.68
2024-11-15,11.9,19.03
2024-12-15,12.6,15.62
